_	KP1	KP2	KP3
TF1	0.8862802116281976	0.8562034672351608	-0.00010453945085118223
TF2	-0.00048450321409663626	0.00019091504431030637	0.9756452251015821
KP1	-0.0	0.0010384068602323903	-0.00014575362825229262
KP2	0.0009239807028119173	-0.0	-0.00012886728928903645
KP3	1.3866139136987975e-6	6.888919201667644e-5	0.0
