_	KP1	KP2	KP3
TF1	0.8009024230511664	0.7749209035660234	0.00015748031962076458
TF2	3.410420914188103e-5	8.505283089956295e-5	0.9227832942140024
KP1	0.0	0.0002861234887611444	-9.906078981269001e-5
KP2	0.000654387899045952	-0.0	0.00014782322142669095
KP3	-0.0003032015139892598	-4.978330150035381e-6	-0.0
