_	TF1	TF2
TF1	0.0	-0.0001964244202448598
TF2	0.0001317042129057698	0.0
KP1	0.000131506478147779	-2.5418715321081197e-5
KP2	0.00013080479331730471	-0.0001099658119442143
KP3	0.24728443208174514	0.000215865932594798
O1	-0.10695919785400183	0.30437995247925537
