P_gene	Target_gene	ptmod_max	ptmod_mean
CDC15	IME1	426	413.5
CCL1	SUM1	323	323
IPL1	RIM101	620	348.55555555555554
CDC28	GCR1	821	423.94202898550725
CDC28	ABF1	821	423.94202898550725
SGV1	MOT2	550	460
SGV1	HIR3	550	460
CDC7	UME1	619	285.57142857142856
STE20	STE12	648	447
STE11	STE12	676	585
SIT4	MSN2	463	416.5
GLC7	UME6	800	418.1
