_	TF1	TF2
TF1	-0.0	0.00010117123486772877
TF2	0.000123182452953693	-0.0
KP1	0.00021536888475064776	-0.00033403415744976046
KP2	-0.00012994851457068777	0.00010861260108418339
KP3	0.24755990530490665	9.84436009384978e-5
O1	-0.10699562320139956	0.3044728396125909
